1	上肢帯連結を2つ答えよ。	胸鎖関節／肩鎖関節	2	
2	胸鎖関節関節包を補強する靭帯を3つ答えよ。	胸鎖靭帯／肋鎖靭帯／鎖骨間靭帯	3	
3	肩鎖関節を補強する靭帯を2つ答えよ。	肩鎖靭帯／烏口鎖骨靭帯	2	
4	烏口鎖骨靭帯をなす靭帯を2つ答えよ。	菱形靭帯／円錐靭帯	2	
5	肩関節を補強する靭帯を2つ答えよ。	烏口肩峰靭帯／烏口上腕靭帯	2	
6	回旋筋腱板をなす筋を4つ答えよ。	肩甲下筋／棘上筋／棘下筋／小円筋	4	
7	肘関節をなす関節を3つ答えよ。	腕尺関節／腕橈関節／上橈尺関節	3	
8	橈骨と尺骨を連結する関節を2つ、線維膜を1つ答えよ。	上橈尺関節／下橈尺関節／前腕骨間膜	3	上橈尺関節・下橈尺関節の2関節と、前腕骨間膜の計3項目を答える。
9	手根関節を3つ答えよ。	橈骨手根関節／手根中央関節／手根間関節	3	
10	体幹から起こり、上肢帯に至る筋のうち背側のものを4つ答えよ。	僧帽筋／肩甲挙筋／菱形筋／前鋸筋	4	
11	前鋸筋支配神経を答えよ。	長胸神経	1	
12	体幹から起こり、上肢帯に至る筋のうち腹側のものを2つ答えよ。	小胸筋／鎖骨下筋	2	
13	小胸筋支配神経を答えよ。	内側胸筋神経	1	
14	鎖骨下筋支配神経を答えよ。	鎖骨下筋神経	1	
15	体幹から起こり、上肢帯を越えて上腕骨に至る筋を背側と腹側に分けて、それぞれ答えよ。	背側：広背筋／腹側：大胸筋	2	
16	広背筋支配神経を答えよ。	胸背神経	1	
17	大胸筋支配神経を答えよ。	外側胸筋神経／内側胸筋神経の一部	2	
18	上肢帯から上腕骨に至る筋を7つ答えよ。	三角筋／烏口腕筋／大円筋／肩甲下筋／棘上筋／棘下筋／小円筋	7	
19	三角筋支配神経を答えよ。	腋窩神経	1	
20	烏口腕筋支配神経を答えよ。	筋皮神経	1	
21	大円筋支配神経を答えよ。	肩甲下神経	1	
22	肩甲下筋支配神経を答えよ。	肩甲下神経	1	
23	棘上筋の支配神経を答えよ。	肩甲上神経	1	
24	棘下筋の支配神経を答えよ。	肩甲上神経	1	
25	小円筋の支配神経を答えよ。	腋窩神経	1	
26	腋窩前壁をなす筋を2つ答えよ。	大胸筋／小胸筋	2	
27	腋窩後壁をなす筋を3つ答えよ。	広背筋／肩甲下筋／大円筋	3	
28	腋窩内側壁をなす筋を1つ答えよ。	前鋸筋	1	
29	腋窩の外側壁をなす骨を答えよ。	上腕骨	1	
30	内側腋窩隙をなす構造物を答えよ。	大円筋／小円筋／上腕三頭筋長頭	3	
31	内側腋窩隙を通過する動静脈を答えよ。	肩甲回旋動静脈	1	
32	外側腋窩隙をなす構造物を答えよ。	大円筋／小円筋／上腕三頭筋長頭／上腕骨	4	
33	外側腋窩隙を通過する動静脈と神経を答えよ。	後上腕回旋動脈／腋窩神経	2	
34	上腕前側の筋を2つ答えよ。	上腕二頭筋／上腕筋	2	
35	上腕二頭筋の支配神経を答えよ。	筋皮神経	1	
36	上腕筋の支配神経を答えよ。	筋皮神経／橈骨神経	2	
37	上腕後側の筋を2つ答えよ。	上腕三頭筋／肘筋	2	
38	上腕三頭筋の支配神経を答えよ。	橈骨神経	1	
39	肘筋の支配神経を答えよ。	橈骨神経	1	
40	上腕の前側の筋と後側の筋とを分けている構造物を2つ答えよ。	内側上腕筋間中隔／外側上腕筋間中隔	2	
41	前腕の前側の筋のうち浅層のものを橈側から順に4つ答えよ。	円回内筋／橈側手根屈筋／長掌筋／尺側手根屈筋	4	
42	上腕骨の内側上顆から起こり、肘窩の内側縁となる屈筋を3つ答えよ。	橈側手根屈筋／長掌筋／尺側手根屈筋	3	
43	円回内筋の支配神経を答えよ。	正中神経	1	
44	橈側手根屈筋の支配神経を答えよ。	正中神経	1	
45	長掌筋の支配神経を答えよ。	正中神経	1	
46	尺側手根屈筋の支配神経を答えよ。	尺骨神経	1	
47	前腕前側の筋のうち中層の筋を答えよ。	浅指屈筋	1	
48	浅指屈筋の支配神経を答えよ。	正中神経	1	
49	前腕前側の筋のうち深層の筋を3つ答えよ。	深指屈筋／長母指屈筋／方形回内筋	3	
50	橈骨・尺骨およびその間骨間膜から起こる前腕深層の屈筋を2つ答えよ。	深指屈筋／長母指屈筋	2	
51	深指屈筋の支配神経を答えよ。	正中神経／尺側半部は尺骨神経	2	
52	長母指屈筋の支配神経を答えよ。	正中神経	1	
53	方形回内筋の支配神経を答えよ。	正中神経	1	
54	前腕後側の筋のうち浅層のものを6つ答えよ。	腕橈骨筋／長橈側手根伸筋／短橈側手根伸筋／指伸筋／小指伸筋／尺側手根伸筋	6	
55	腕橈骨筋の支配神経を答えよ。	橈骨神経	1	
56	肘窩の外側と内側を境する筋をそれぞれ答えよ。	外側：腕橈骨筋／内側：円回内筋	2	
57	肘窩の正中部に触れる筋腱を答えよ。	上腕二頭筋腱	1	
58	上腕二頭筋腱の内側に走る動脈と、さらにその内側に走る神経を答えよ。	上腕動脈／正中神経	2	
59	長橈側手根伸筋支配神経を答えよ。	橈骨神経	1	
60	短橈側手根伸筋の支配神経を答えよ。	橈骨神経	1	
61	指伸筋の支配神経を答えよ。	橈骨神経	1	
62	小指伸筋の支配神経を答えよ。	橈骨神経	1	
63	尺側手根伸筋の支配神経を答えよ。	橈骨神経	1	
64	前腕後側の筋のうち深層の筋を5つ答えよ。	回外筋／長母指外転筋／短母指伸筋／長母指伸筋／示指伸筋	5	
65	回外筋の支配神経を答えよ。	橈骨神経	1	
66	長母指外転筋の支配神経を答えよ。	橈骨神経	1	
67	短母指伸筋の支配神経を答えよ。	橈骨神経	1	
68	長母指伸筋の支配神経を答えよ。	橈骨神経	1	
69	母指を強く伸展したとき、手背の手根部で長母指伸筋腱と短母指伸筋腱との間に見られるくぼみを何というか。	橈骨小窩（解剖学的嗅ぎタバコ入れ）	1	
70	示指伸筋の支配神経を答えよ。	橈骨神経	1	
71	前腕筋膜が肥厚して、掌側と背側でつくる靭帯をそれぞれ答えよ。	掌側：屈筋支帯／背側：伸筋支帯	2	
72	屈筋支帯が手根部で付く構造物を4つ答えよ。	舟状骨／大菱形骨／豆状骨／有鉤骨	4	
73	伸筋支帯の腱区画のうち第1区画に属する筋腱を2つ答えよ。	長母指外転筋腱／短母指伸筋腱	2	
74	伸筋支帯の腱区画のうち第2区画に属する筋腱を2つ答えよ。	長橈側手根伸筋腱／短橈側手根伸筋腱	2	
75	伸筋支帯の腱区画のうち第3区画に属する筋腱を1つ答えよ。	長母指伸筋腱	1	
76	伸筋支帯の腱区画のうち第4区画に属する筋腱を2つ答えよ。	示指伸筋腱／指伸筋腱	2	
77	伸筋支帯の腱区画のうち第5区画に属する筋腱を1つ答えよ。	小指伸筋腱	1	
78	伸筋支帯の腱区画のうち第6区画に属する筋腱を1つ答えよ。	尺側手根伸筋腱	1	
79	母指球筋を4つ答えよ。	短母指外転筋／母指対立筋／短母指屈筋／母指内転筋	4	
80	短母指外転筋の支配神経を答えよ。	正中神経	1	
81	母指対立筋の支配神経を答えよ。	正中神経	1	
82	短母指屈筋の支配神経を答えよ。	正中神経	1	
83	小指球筋を3つ答えよ。	小指外転筋／小指対立筋／短小指屈筋	3	
84	小指外転筋の支配神経を答えよ。	尺骨神経	1	
85	小指対立筋の支配神経を答えよ。	尺骨神経	1	
86	短小指屈筋の支配神経を答えよ。	尺骨神経	1	
87	中手筋を3つ答えよ。	母指内転筋／虫様筋／骨間筋	3	
88	母指内転筋の支配神経を答えよ。	尺骨神経	1	
89	短掌筋の支配神経を答えよ。	尺骨神経	1	
90	肩甲骨の挙上にあずかる筋を3つ答えよ。	僧帽筋／肩甲挙筋／菱形筋	3	
91	肩甲骨の低下にあずかる筋を3つ答えよ。	僧帽筋／広背筋／小胸筋	3	
92	肩甲骨の前進にあずかる筋を3つ答えよ。	前鋸筋／小胸筋／大胸筋	3	
93	肩甲骨の後退にあずかる筋を3つ答えよ。	僧帽筋／菱形筋／広背筋	3	
94	肩甲骨の上方回旋にあずかる筋を2つ答えよ。	僧帽筋／前鋸筋	2	
95	肩甲骨の下方回旋にあずかる筋を6つ答えよ。	大菱形筋／小菱形筋／肩甲挙筋／大胸筋／小胸筋／広背筋	6	重問2024では、大菱形筋と小菱形筋を分けて挙げる。
96	肩関節の屈曲にあずかる筋を4つ答えよ。	大胸筋／三角筋／烏口腕筋／上腕二頭筋	4	
97	肩関節の伸展にあずかる筋を4つ答えよ。	広背筋／三角筋／大円筋／上腕三頭筋	4	
98	肩関節の外転にあずかる筋を3つ答えよ。	棘上筋／三角筋／上腕三頭筋	3	資料記載をそのまま収録。一般的な教科書との表現差がないか授業資料で確認推奨。
99	肩関節の内転にあずかる筋を6つ答えよ。	大胸筋／広背筋／肩甲下筋／大円筋／烏口腕筋／小円筋	6	
100	肩関節の内旋にあずかる筋を5つ答えよ。	肩甲下筋／大円筋／大胸筋／三角筋／広背筋	5	
101	肩関節の外旋にあずかる筋を3つ答えよ。	棘下筋／小円筋／三角筋	3	
102	肘関節の屈曲にあずかる筋を3つ答えよ。	上腕筋／上腕二頭筋／腕橈骨筋	3	
103	肘関節の伸展にあずかる筋を2つ答えよ。	上腕三頭筋／肘筋	2	
104	前腕の回内にあずかる筋を2つ答えよ。	方形回内筋／円回内筋	2	
105	前腕の回外にあずかる筋を2つ答えよ。	回外筋／上腕二頭筋	2	
106	腋窩動脈のI部から出る動脈を1つ答えよ。	最上胸動脈	1	
107	腋窩動脈のII部から出る動脈を2つ答えよ。	胸肩峰動脈／外側胸動脈	2	
108	腋窩動脈のIII部から出る動脈を3つ答えよ。	肩甲下動脈／前上腕回旋動脈／後上腕回旋動脈	3	
109	肩甲下動脈の枝を2つ答えよ。	胸背動脈／肩甲回旋動脈	2	
110	後上腕回旋動脈が吻合する動脈を4つ答えよ。	前上腕回旋動脈／肩甲上動脈／胸肩峰動脈／上腕深動脈	4	
111	上腕動脈の枝を3つ答えよ。	上腕深動脈／上尺側側副動脈／下尺側側副動脈	3	上腕深動脈、上尺側側副動脈、下尺側側副動脈は肘関節動脈網に関与する。
112	上腕深動脈の2本の終枝を答えよ。	中側副動脈／橈側側副動脈	2	
113	橈骨動脈の枝を6つ答えよ。	橈側反回動脈／掌側手根枝／背側手根枝／浅掌枝／母指主動脈／深掌動脈弓	6	
114	尺骨動脈の枝を6つ答えよ。	尺側反回動脈／総骨間動脈／背側手根枝／掌側手根枝／深掌枝／浅掌動脈弓	6	
115	肘正中皮静脈の下にある腱膜の名前を答えよ。	上腕二頭筋腱膜	1	
116	上肢のリンパ節を3つ答えよ。	深リンパ節／肘リンパ節／腋窩リンパ節	3	
117	腋窩リンパ節をなす5つのリンパ節を答えよ。	胸筋リンパ節／外側リンパ節／肩甲下リンパ節／中心リンパ節／上リンパ節	5	
118	腕神経叢の根・枝から起こる枝（鎖骨上枝）を3つ答えよ。	肩甲背神経／長胸神経／肩甲上神経	3	
119	腕神経叢の外側神経束から起こる枝を答えよ。	外側胸筋神経	1	資料では側枝のみを答える構成とみられます。終枝を含めるかは授業の定義を確認してください。
120	腕神経叢の内側神経束から起こる枝を3つ答えよ。	内側胸筋神経／内側上腕皮神経／内側前腕皮神経	3	資料では側枝のみを答える構成とみられます。終枝を含めるかは授業の定義を確認してください。
121	腕神経叢の後神経束から起こる枝を2つ答えよ。	肩甲下神経／胸背神経	2	資料では側枝のみを答える構成とみられます。終枝を含めるかは授業の定義を確認してください。
122	股関節の関節包を補強する靭帯を4つ答えよ。	腸骨大腿靭帯／恥骨大腿靭帯／坐骨大腿靭帯／大腿骨頭靭帯	4	
123	膝関節を補強する靭帯を5つ答えよ。	前十字靭帯／後十字靭帯／内側側副靭帯／外側側副靭帯／斜膝窩靭帯	5	
124	脛骨と腓骨の連結を3つ答えよ。	脛腓関節／脛腓靭帯結合／下腿骨間膜	3	
125	脛腓関節の関節包を補強する靭帯を2つ答えよ。	前腓骨頭靭帯／後腓骨頭靭帯	2	
126	距腿関節の関節包を補強する靭帯を4つ答えよ。	前距腓靭帯／後距腓靭帯／踵腓靭帯／三角靭帯	4	
127	足根間関節を3つ答えよ。	距骨下関節／距踵舟関節／踵立方関節	3	
128	舟状骨の後面の下縁と踵骨の載距突起の内側縁との間にできる靭帯を答えよ。	底側踵舟靭帯／（スプリング靭帯）	2	
129	踵立方関節の上面と下面にある靭帯をそれぞれ答えよ。	上面：二分靭帯／下面：短足底靭帯（底側踵立方靭帯）	2	
130	短足底靭帯の浅側にある靭帯を答えよ。	長足底靭帯	1	
131	ショパール関節をつくる関節を2つ答えよ。	距踵舟関節／踵立方関節	2	
132	内足弓を構成する骨を後方から5つ答えよ。	踵骨／距骨／舟状骨／楔状骨／中足骨	5	
133	内足弓を支持する靭帯を3つ答えよ。	底側距舟靭帯／骨間靭帯／足底腱膜	3	
134	内足弓を支持する筋を6つ答えよ。	母趾外転筋／短母趾屈筋／短趾屈筋／前脛骨筋／長母趾屈筋／後脛骨筋	6	
135	外足弓を構成する骨を3つ答えよ。	踵骨／立方骨／中足骨	3	
136	外足弓を支持する靭帯を4つ答えよ。	足底腱膜／長足底靱帯／短足底靭帯／骨間靭帯	4	
137	外足弓を支持する筋を3つ答えよ。	長腓骨筋／小趾外転筋／短趾屈筋	3	
138	横足弓を構成する骨を3つ答えよ。	楔状骨／立方骨／中足骨	3	
139	横足弓を支持する靭帯を答えよ。	骨間靱帯	1	
140	横足弓を支持する筋を2つ答えよ。	母趾内転筋／長腓骨筋	2	
141	内寛骨筋を答えよ。	腸腰筋	1	資料本文には「腸腰筋、腸骨筋膜」とあるが、欄外注記では腸腰筋を「大腰筋と腸骨筋を合わせたもの」と説明している。腸骨筋膜は筋ではないため、解答は腸腰筋とする。
142	腸腰筋を2つ答えよ。	腸骨筋／大腰筋／小腰筋	2	
143	腸骨筋の支配神経を答えよ。	大腿神経	1	
144	腸恥筋膜弓によって鼡径靭帯と寛骨との間にできる、外側半部と内側半部の間隙をそれぞれ答えよ。	外側:筋裂孔／内側:血管裂孔	2	
145	筋裂孔を通る筋と神経を答えよ。	腸腰筋／大腿神経	2	
146	血管裂孔の外側を通る動静脈と神経を答えよ。	大腿動静脈／陰部大腿神経	2	
147	外寛骨筋のうち浅層の殿筋群の筋を4つ答えよ。	大殿筋／大腿筋膜張筋／中殿筋／小殿筋	4	
148	外寛骨筋のうち深層の回旋筋群の筋を上方から順に6つ答えよ。	梨状筋／内閉鎖筋／上双子筋／下双子筋／大腿方形筋／外閉鎖筋	6	
149	大殿筋の支配神経を答えよ。	下殿神経	1	
150	大腿筋膜張筋の支配神経を答えよ。	上殿神経	1	
151	大腿筋膜が大腿の外側面で肥厚してできる靭帯を答えよ。	腸脛靭帯	1	
152	中殿筋の支配神経を答えよ。	上殿神経	1	
153	小殿筋の支配神経を答えよ。	上殿神経	1	
154	梨状筋上孔を通る動静脈、神経を答えよ。	上殿動静脈／上殿神経	2	
155	梨状筋下孔を通る動静脈、神経を答えよ。	下殿動静脈／内陰部動静脈／坐骨神経／後大腿皮神経／下殿神経／陰部神経	6	
156	外閉鎖筋の支配神経を答えよ。	閉鎖神経	1	
157	大腿前側の筋を2つ答えよ。	縫工筋／大腿四頭筋	2	
158	縫工筋の支配神経を答えよ。	大腿神経	1	
159	大腿四頭筋を構成する筋を4つ答えよ。	大腿直筋／外側広筋／中間広筋／内側広筋	4	
160	大腿四頭筋の支配神経を答えよ。	大腿神経	1	
161	大腿内側の筋（内転筋群）を5つ答えよ。	薄筋／恥骨筋／短内転筋／長内転筋／大内転筋	5	
162	薄筋の支配神経を答えよ。	閉鎖神経	1	
163	恥骨筋の支配神経を答えよ。	大腿神経	1	
164	長内転筋の支配神経を答えよ。	閉鎖神経	1	
165	短内転筋の支配神経を答えよ。	閉鎖神経	1	
166	大内転筋の支配神経を答えよ。	閉鎖神経	1	
167	大腿三角（スカルパ三角）を構成する構造物を答えよ。	上側：鼡径靭帯／外側：縫工筋内側縁／内側：長内転筋外側縁	3	
168	大腿三角にある動静脈、神経、リンパ節を答えよ。	大腿動静脈／大腿神経／深鼡径リンパ節	3	
169	内転筋管を被う構造物を答えよ。	前側：前内側大腿筋間中隔／外側：内側広筋／内側・後側：大内転筋	3	
170	大腿後側の筋（ハムストリング）を3つ答えよ。	大腿二頭筋／半腱様筋／半膜様筋	3	
171	大腿二頭筋の支配神経を答えよ。	長頭：脛骨神経／短頭：総腓骨神経	2	
172	半腱様筋の支配神経を答えよ。	脛骨神経	1	
173	半膜様筋の支配神経を答えよ。	脛骨神経	1	
174	鵞足をなす筋を3つ答えよ。	縫工筋／薄筋／半腱様筋	3	
175	膝窩の上半部を囲む筋腱を答えよ。	大腿二頭筋腱	1	
176	膝窩の内側を囲む筋腱を2つ答えよ。	半腱様筋腱／半膜様筋腱	2	
177	膝窩の下半部を囲む筋を答えよ。	腓腹筋	1	
178	膝窩に含まれる神経を3つ答えよ。	総腓骨神経／脛骨神経／後大腿皮神経	3	
179	大腿筋膜の前面で、鼡径靭帯の内側端の下方に見られる卵円形の裂孔をなんというか。	伏在裂孔	1	
180	下腿前側の筋を5つ答えよ。	前脛骨筋／第三腓骨筋／長母趾伸筋／長趾伸筋／短趾伸筋	5	
181	前脛骨筋の支配神経を答えよ。	深腓骨神経	1	
182	長趾伸筋の支配神経を答えよ。	深腓骨神経	1	
183	第三腓骨筋の支配神経を答えよ。	深腓骨神経	1	
184	長母趾伸筋支配神経を答えよ。	深腓骨神経	1	
185	短趾伸筋の支配神経を答えよ。	深腓骨神経	1	
186	下腿外側の筋（腓骨筋群）を2つ答えよ。	長腓骨筋／短腓骨筋	2	
187	長腓骨筋の支配神経を答えよ。	浅腓骨神経	1	
188	短腓骨筋の支配神経を答えよ。	浅腓骨神経	1	
189	下腿後側の筋のうち浅層のものを2つ答えよ。	下腿三頭筋／膝窩筋	2	
190	下腿三頭筋をなす筋を3つ答えよ。	腓腹筋／ヒラメ筋／足底筋	3	
191	下腿三頭筋の支配神経を答えよ。	脛骨神経	1	
192	膝窩筋の支配神経を答えよ。	脛骨神経	1	
193	下腿後側の筋のうち深層のものを3つ答えよ。	長母趾屈筋／長趾屈筋／後脛骨筋	3	
194	長母趾屈筋の支配神経を答えよ。	脛骨神経	1	
195	長趾屈筋支配神経を答えよ。	脛骨神経	1	
196	後脛骨筋の支配神経を答えよ。	脛骨神経	1	
197	下腿前側の筋群と外側の筋群との間にある筋膜を答えよ。	前下腿筋間中隔	1	
198	下腿外側の筋群と後側の筋群との間にある筋膜を答えよ。	後下腿筋間中隔	1	
199	下腿筋膜が遠位端の前側でつくる、下腿伸筋の腱を保持する線維束を2つ答えよ。	上伸筋支帯／下伸筋支帯	2	
200	下腿筋膜が遠位端外側でつくる、腓骨筋腱を保持する線維束を2つ答えよ。	上腓骨筋支帯／下腓骨筋支帯	2	
201	下腿筋膜が遠位端の内側で、内果と踵骨との間につくる、下腿屈筋の腱を保持する線維束を答えよ。	屈筋支帯	1	
202	下腿屈筋支帯の下を通る筋を3つ答えよ。	後脛骨筋／長趾屈筋／長母趾屈筋	3	
203	足底の筋うち第1層の筋を3つ答えよ。	母趾外転筋／短趾屈筋／小趾外転筋	3	
204	母趾外転筋の支配神経を答えよ。	内側足底神経	1	
205	短趾屈筋の支配神経を答えよ。	内側足底神経	1	
206	小趾外転筋の支配神経を答えよ。	外側足底神経	1	
207	足底の筋のうち第2層の筋を2つ答えよ。	足底方形筋／虫様筋	2	
208	足底方形筋の支配神経を答えよ。	外側足底神経	1	
209	足底筋のうち第3層の筋を3つ答えよ。	短母趾屈筋／母趾内転筋／短小趾屈筋	3	
210	短母趾屈筋の支配神経を答えよ。	内側足底神経	1	
211	母趾内転筋の支配神経を答えよ。	内側足底神経／外側足底神経	2	
212	短小趾屈筋の支配神経を答えよ。	外側足底神経	1	
213	足底筋のうち第4層の筋を3つ答えよ。	背側骨間筋／底側骨間筋／小趾対立筋	3	
214	背側骨間筋の支配神経を答えよ。	外側足底神経	1	
215	底側骨間筋の支配神経を答えよ。	外側足底神経	1	
216	小趾対立筋の支配神経を答えよ。	外側足底神経	1	
217	股関節の屈曲にあずかる筋を5つ答えよ。	腸腰筋／大腿直筋／大腿筋膜張筋／中殿筋／小殿筋	5	
218	股関節の伸展にあずかる筋を4つ答えよ。	大殿筋／大内転筋／半膜様筋／中殿筋	4	
219	股関節の外転にあずかる筋を5つ答えよ。	中殿筋／小殿筋／大腿筋膜張筋／大殿筋／大腿直筋	5	
220	股関節の内転にあずかる筋を5つ答えよ。	大内転筋／長内転筋／恥骨筋／半膜様筋／腸腰筋	5	
221	股関節の内旋にあずかる筋を5つ答えよ。	大内転筋／長内転筋／中殿筋／小殿筋／大腿筋膜張筋	5	
222	膝関節の屈曲にあずかる筋を5つ答えよ。	半膜様筋／半腱様筋／大腿二頭筋／薄筋／縫工筋	5	
223	膝関節の伸展にあずかる筋を2つ答えよ。	大腿四頭筋／大腿筋膜張筋	2	
224	脛骨の内旋にあずかる筋を5つ答えよ。	半膜様筋／膝窩筋／半腱様筋／薄筋／縫工筋	5	
225	脛骨の外旋にあずかる筋を2つ答えよ。	大腿二頭筋／大腿筋膜張筋	2	
226	距腿関節の背屈にあずかる筋を4つ答えよ。	前脛骨筋／長趾伸筋／第三腓骨筋／長母趾伸筋	4	
227	距腿関節の底屈にあずかる筋を6つ答えよ。	腓腹筋／ヒラメ筋／長母趾屈筋／後脛骨筋／長趾屈筋／長腓骨筋	6	
228	足根間関節の内反にあずかる筋を4つ答えよ。	後脛骨筋／前脛骨筋／長趾屈筋／長母趾屈筋	4	
229	足根間関節の外反にあずかる筋を4つ答えよ。	長腓骨筋／短腓骨筋／長趾伸筋／第三腓骨筋	4	
230	大腿動脈の枝を5つ答えよ。	浅腹壁動脈／浅腸骨回旋動脈／外陰部動脈／大腿深動脈／下行膝動脈	5	
231	大腿深動脈の枝を3つ答えよ。	内側大腿回旋動脈／外側大腿回旋動脈／貫通動脈	3	
232	後脛骨動脈の枝を3つ答えよ。	腓骨動脈／内側足底動脈／外側足底動脈	3	
233	下肢の皮静脈を2つ答えよ。	大伏在静脈／小伏在静脈	2	
234	下肢の深静脈を4つ答えよ。	大腿静脈／膝窩静脈／前脛骨静脈／後脛骨静脈	4	
235	下肢の浅在性リンパ節を2つ答えよ。	浅鼡径リンパ節／浅膝窩リンパ節	2	
236	下肢深在性リンパ節を3つ答えよ。	深鼡径リンパ節／前脛骨リンパ節／深膝窩リンパ節	3	
237	腰神経叢の枝を6つ答えよ。	腸骨下腹神経／腸骨鼡径神経／陰部大腿神経／外側大腿皮神経／大腿神経／閉鎖神経	6	
238	仙骨神経叢の枝を4つ答えよ。	上殿神経／下殿神経／後大腿皮神経／坐骨神経	4	
239	坐骨神経の枝を2つ答えよ。	総腓骨神経／脛骨神経	2	
240	総腓骨神経の枝を3つ答えよ。	外側腓腹皮神経／浅腓骨神経／深腓骨神経	3	
241	脛骨神経の枝を2つ答えよ。	内側足底神経／外側足底神経	2	
242	椎間円板をなす構造物を2つ答えよ。	中心部：髄核／周縁部：線維輪	2	
243	椎体と椎間円板を全長にわたって前後で補強する靭帯を答えよ。	前縦靭帯／後縦靭帯	2	
244	椎弓および棘突起間靭帯を3つ答えよ。	黄色靭帯／棘間靭帯／棘上靭帯	3	
245	頭蓋と脊柱連結をする関節を2つ答えよ。	環椎後頭関節／環軸関節	2	
246	環軸関節を2つ答えよ。	正中環軸関節／外側環軸関節	2	
247	頭蓋と脊柱の連結をする靭帯を4つ答えよ。	蓋膜／環椎十字靭帯／翼状靭帯／歯尖靭帯	4	
248	環椎十字靭帯をなす靭帯を2つ答えよ。	環椎横靭帯／縦束	2	
249	背部浅層の筋（浅背筋）を4つ答えよ。	僧帽筋／広背筋／肩甲挙筋／菱形筋	4	
250	背部中層の筋を2つ答えよ。	上後鋸筋／下後鋸筋	2	
251	固有背筋のうち浅層にあるもの（長背筋群）を2つ答えよ。	板状筋／脊柱起立筋	2	
252	脊柱起立筋を外側から内側に向かって3つ答えよ。	腸肋筋／最長筋／棘筋	3	
253	固有背筋のうち深層にあるもの（短背筋群）を5つ答えよ。	半棘筋／多裂筋／回旋筋／棘間筋／横突間筋	5	
254	後頭下筋を4つ答えよ。	大後頭直筋／小後頭直筋／上頭斜筋／下頭斜筋	4	
255	後頭下三角をつくる筋を3つ答えよ。	大後頭直筋／上頭斜筋／下頭斜筋	3	
256	後頭下三角を通る動脈と神経を答えよ。	椎骨動脈／後頭下神経	2	
257	胸郭をつくる骨を連結する関節を2つ答えよ。	肋椎関節／胸肋関節	2	
258	肋椎関節を2つ答えよ。	肋骨頭関節／肋横突関節	2	
259	肋椎関節の関節包を補強する靭帯を3つ答えよ。	放線状肋骨頭靭帯／上肋横突靭帯／外側肋横突靭帯	3	
260	胸郭上口を囲む構造物を3つ答えよ。	第1胸椎／第1肋骨／胸骨柄	3	
261	胸郭下口を囲む構造物を4つ答えよ。	第12胸椎／第12肋骨／肋骨弓／胸骨下端（剣状突起）	4	
262	固有胸筋（胸壁筋）を8つ答えよ。	外肋間筋／内肋間筋／最内肋間筋／肋下筋／胸横筋／肋骨挙筋／上後鋸筋／下後鋸筋	8	
263	外肋間筋の支配神経を答えよ。	肋間神経	1	
264	内肋間筋の支配神経を答えよ。	肋間神経	1	
265	最内肋間筋の支配神経を答えよ。	肋間神経	1	
266	肋下筋の支配神経を答えよ。	肋間神経	1	
267	胸横筋の支配神経を答えよ。	肋間神経	1	
268	上後鋸筋の支配神経を答えよ。	肋間神経	1	
269	下後鋸筋の支配神経を答えよ。	肋間神経	1	
270	横隔膜の腰椎部において、上位の3腰椎椎体の両側にある靭帯を2つ答えよ。	内側弓状靭帯／外側弓状靭帯	2	
271	横隔膜で、胸骨部と肋骨部間にある狭い間隙をなんというか。	胸肋三角	1	
272	横隔膜で、腰椎部と肋骨部間にある狭い間隙をなんというか。	腰肋三角	1	
273	横隔膜にある裂孔を高さの低い順に3つ答えよ。	大動脈裂孔／食道裂孔／大静脈裂孔	3	
274	大動脈裂孔を通るものを3つ答えよ。	大動脈／胸管／奇静脈	3	
275	食道裂孔を通るものを4つ答えよ。	食道／左胃動脈の枝／迷走神経／左横隔神経の枝	4	
276	大静脈裂孔を通るものを2つ答えよ。	下大静脈／右横隔神経の枝	2	
277	内胸動脈の枝を3つ答えよ。	前肋間枝／上腹壁動脈／筋横隔動脈	3	
278	第1・2肋間動脈が起こる動脈を答えよ。	最上肋間動脈	1	
279	第3～11肋間動脈が起こる動脈を答えよ。	胸大動脈	1	
280	胸壁浅層のリンパが主に流入するリンパ節を答えよ。	腋窩リンパ節	1	
281	胸壁深層のリンパが流入するリンパ節を3つ答えよ。	胸骨傍リンパ節／肋間リンパ節／横隔リンパ節	3	
282	乳房・乳腺が受ける動脈を3つ答えよ。	内胸動脈／外側胸動脈／胸肩峰動脈	3	
283	乳房・乳腺静脈が注ぐ静脈を3つ答えよ。	内胸静脈／外側胸静脈／肋間静脈	3	
284	乳腺のリンパが流入するリンパ節を3つ答えよ。	腋窩リンパ節／胸骨傍リンパ節／肋間リンパ節	3	
285	気管に分布する動脈枝を出す動脈を答えよ。	下甲状腺動脈	1	
286	気管に分布する静脈が注ぐ静脈を答えよ。	下甲状腺静脈	1	
287	気管のリンパが注ぐリンパ節を2つ答えよ。	気管気管支リンパ節／気管リンパ節	2	
288	気管、気管支に分布する神経を2つ答えよ。	下喉頭神経／交感神経	2	
289	気管支のリンパが注ぐリンパ節を2つ答えよ。	気管支肺リンパ節／気管気管支リンパ節	2	
290	肺の機能動脈と栄養動脈をそれぞれ答えよ。	機能動脈：肺動脈／栄養動脈：気管支動脈	2	
291	胸膜を2つ答えよ。	肺胸膜／壁側胸膜	2	
292	壁側胸膜を3つ答えよ。	肋骨胸膜／縦隔胸膜／横隔胸膜	3	
293	壁側胸膜とくに肋骨胸膜と胸壁と間にある疎性結合組織層をなんというか。	胸内筋膜	1	
294	胸膜洞を2つ答えよ。	肋骨縦隔洞／肋骨横隔洞	2	
295	食道に分布する動脈を上・中・下1/3部に分けて答えよ。	上1/3：下甲状腺動脈／中1/3：食道動脈／下1/3：左胃動脈	3	
296	食道静脈が注ぐ静脈を上・中・下部に分けて答えよ。	上部：下甲状腺静脈／中部：奇静脈・半奇静脈／下部：左胃静脈	3	
297	食道リンパが注ぐリンパ節を上・中・下部に分けて答えよ。	上部：深頚リンパ節／中部：鎖骨上リンパ節／下部：腹腔リンパ節	3	
298	心臓を心房と心室に分ける堺に一致する溝を答えよ。	冠状溝	1	
299	心臓の左右の境界として、心室の前面と後面とに縦走する溝をそれぞれ答えよ。	前室間溝／後室間溝	2	
300	心臓壁の3層を答えよ。	心内膜／心筋層／心外膜	3	
301	右冠状動脈の枝を2つ答えよ。	後室間枝（後下行枝）／右外縁枝（鋭縁枝）	2	
302	左冠状動脈の枝を2つ答えよ。	前室間枝（下行枝）／回旋枝	2	
303	冠状静脈洞に注ぐ静脈を5つ答えよ。	大心臓静脈／中心臓静脈／小心臓静脈／左心室後静脈／左心房後静脈	5	資料の「大・中・小心臓動脈」は誤記。正しくは大・中・小心臓静脈。
304	直接に心房また心室内腔に注ぐ小静脈を2つ答えよ。	前心臓静脈／細小心臓静脈	2	
305	心膜を2つ答えよ。	線維性心膜（心嚢）／漿膜性心膜	2	
306	線維性心膜が胸骨と結合する靭帯を答えよ。	胸骨心膜靭帯	1	
307	漿膜性心膜を2つ答えよ。	壁側板／臓側板（心外膜）	2	
308	縦隔の上部の上下前後を境界する構造物をそれぞれ答えよ。	前：胸骨柄／後：第1～4胸椎／上：胸郭上口／下：心臓上縁	4	
309	縦隔上部に入っている構造物を12個答えよ。	胸腺上部、気管、食道、大動脈弓、上大静脈、腕頭静脈、奇静脈、／胸管、リンパ節、横隔神経、／迷走神経、交感神経幹	12	
310	縦隔の前部の前後を境界する構造物をそれぞれ答えよ。	前：胸骨体／後：心膜前面	2	
311	縦隔の前部のー中に入っている構造物を2つ答えよ。	胸腺下部、リンパ節	2	
312	縦隔の中部の前後を境界する構造物をそれぞれ答えよ。	前：心膜前面／後：心膜後面	2	
313	縦隔の中部に入っている構造物を6つ答えよ。	心臓、上行大動脈、肺動脈、肺静脈、上大静脈、横隔神経	6	
314	縦隔の後部の前後を境界する構造物をそれぞれ答えよ。	前：心膜後面／後：第5～12胸椎	2	
315	縦隔後部中に入っている構造物を9つ答えよ。	気管支、食道、胸大動脈、／奇静脈、半奇静脈、胸管、／リンパ節、迷走神経、交感神経幹	9	
316	大動脈弓の枝を3つ答えよ。	腕頭動脈／左総頚動脈／左鎖骨下動脈	3	
317	胸大動脈の枝のうち臓側枝を2つ答えよ。	気管支動脈／食道動脈	2	
318	胸大動脈の枝のうち壁側枝を2つ答えよ。	肋間動脈／上横隔動脈	2	
319	奇静脈系をなす静脈を3つ答えよ。	奇静脈／半奇静脈／副半奇静脈	3	
320	奇静脈と半奇静脈に注ぐ静脈を6つ答えよ。	肋間静脈／食道静脈／気管支静脈／心膜静脈／縦隔静脈／上横隔静脈	6	
321	胸管が始まる部分の名前と、そこに合するリンパ本幹を2つ答えよ。	乳ビ槽／腸リンパ本幹、腰リンパ本幹	2	
322	胸管が静脈角に注ぐすぐ前で受けるリンパ本幹を3つ答えよ。	左鎖骨下リンパ本幹／左頚リンパ本幹／左気管支縦隔リンパ本幹	3	
323	気管支・気管に沿って存在するリンパ節を4つ答えよ。	肺内リンパ節／気管支肺リンパ節／気管気管支リンパ節／気管リンパ節	4	
324	交感神経幹の枝を5つ答えよ。	大内臓神経／小内臓神経／胸心臓神経／胸肺枝／大動脈枝	5	
325	臍より下の腹壁の皮下組織層（浅筋膜）をなす2層膜を答えよ。	カンパー筋膜／スカルパ筋膜	2	
326	前腹壁および側腹壁の筋を5つ答えよ。	外腹斜筋／内腹斜筋／腹横筋／腹直筋／錐体筋	5	
327	外腹斜筋の腱膜の下縁が上前腸骨棘と恥骨結合との間で肥厚して索状を呈している靭帯をなんというか。	鼠径靱帯	1	
328	鼡径靭帯の内側端の近くで、靭帯の線維の一部が後下方に向かって放散して恥骨上縁に付き、血管裂孔の内側縁をつくる靭帯をなんというか。	裂孔靱帯	1	
329	鼡径靭帯の内側部から正中線上の白線に向かって斜め上方に弓状に走る靭帯をなんというか。	反転靱帯	1	
330	錐体筋の支配神経を答えよ。	肋下神経	1	
331	鼡径管の前壁をなす筋を答えよ。	外腹斜筋	1	
332	鼡径管の後壁をなす膜を答えよ。	横筋筋膜	1	
333	鼡径管の上壁をなす筋を答えよ。	内腹斜筋／腹横筋	2	
334	鼡径管の下壁をなす靭帯を答えよ。	鼠径靱帯	1	
335	鼡径管の中を走る構造物を答えよ。	精索（女性は子宮円索）／腸骨鼡径神経	2	
336	後腹壁の筋を3つ答えよ。	腸骨筋／大腰筋／腰方形筋	3	
337	腹壁に分布する動脈を8つ答えよ。	上・下・浅腹壁動脈／浅・深腸骨回旋動脈／第10・11肋間動脈／肋下動脈、腰動脈	8	
338	下腹壁動脈の枝を2つ答えよ。	恥骨枝／精巣挙筋動脈	2	
339	前腹壁・側腹壁の浅層において、臍より上方の腹壁のリンパと、臍より下部のリンパが流入するリンパ節をそれぞれ答えよ	上方：腋窩リンパ節／下部：浅鼡径リンパ節	2	
340	腹壁深層のリンパが注ぐリンパ節を3つ答えよ。	胸骨傍リンパ節／外腸骨リンパ節／腰リンパ節	3	
341	前腹壁および側腹壁に分布する神経を4つ答えよ。	肋間神経／肋下神経／腸骨下腹神経／腸骨鼡径神経	4	
342	胃の前壁と後壁とを被う腹膜のうち、小弯、大弯で合するものをそれぞれなんというか。	小弯：小網／大弯：大網	2	
343	胃三角を囲む構造物を答えよ。	右上方：肝臓／左上方：左側肋骨弓／下方：横行結腸	3	
344	網嚢の後ろにある臓器を左側から4つ答えよ。	脾臓／左腎臓／左副腎／膵臓	4	
345	胃に分布する動脈を5つ答えよ。	左胃動脈／右胃動脈／短胃動脈／左胃大網動脈／右胃大網動脈	5	
346	胃リンパ管が注ぐ所属リンパ節を5つ答えよ。	左胃リンパ節／右胃リンパ節／左胃大網リンパ節／右胃大網リンパ節／幽門リンパ節	5	
347	十二指腸に分布する動脈を2つ答えよ。	上膵十二指腸動脈／下膵十二指腸動脈	2	
348	空腸・回腸に分布する動脈を3つ答えよ。	上腸間膜動脈／空腸動脈／回腸動脈	3	
349	盲腸と虫垂に分布する動脈を4つ答えよ。	結腸枝／前盲腸動脈／後盲腸動脈／虫垂動脈	4	
350	結腸に見られる、肉眼的に特徴的な構造を3つ答えよ。	結腸ヒモ／結腸膨起／腹膜垂	3	
351	結腸に分布する動脈を6つ答えよ。	回結腸動脈／右結腸動脈／中結腸動脈／左結腸動脈／S状結腸動脈／上直腸動脈	6	
352	結腸のリンパ管が注ぐリンパ節を末梢側から5つ答えよ。	結腸上リンパ節／結腸傍リンパ節／中間腸間膜リンパ節／上腸間膜リンパ節／下腸間膜リンパ節	5	
353	肝臓の左側に見られる圧痕を2つ答えよ。	胃圧痕／食道圧痕	2	
354	肝臓の右側に見られる圧痕を4つ答えよ。	十二指腸圧痕／結腸圧痕／腎圧痕／副腎圧痕	4	
355	肝門を横棒とするHにおいて、Hの左脚の前部、後部を構成する縦溝をそれぞれ答え、そこに容れて いる構造物も答えよ。	前部：肝円索裂ー肝円索／後部：静脈管索裂ー静脈管索	2	
356	肝門を横棒とするHにおいて、H右脚前部、後部を構成する縦溝をそれぞれ答え、そこに容れている構造物も答えよ	前部：胆嚢窩ー胆嚢／後部：大静脈溝ー下大静脈	2	
357	肝臓を被う腹壁が腹膜との間につくる腹膜ヒダを4つ答えよ。	肝鎌状間膜／三角間膜／冠状間膜／小網	4	
358	肝臓の周囲の腹膜でできる陥凹を2つ答えよ。	横隔下陥凹／肝下陥凹	2	
359	肝臓に血液を供給する血管を2つ答えよ。	固有肝動脈／門脈	2	
360	肝臓から出る唯一の血管を答えよ。	肝静脈	1	
361	門脈と大静脈とを結ぶ側副血行路を4つ答えよ。	①門脈ー奇静脈ー上大静脈／②門脈ー直腸静脈ー下大静脈／③門脈ー臍傍静脈ー前腹壁皮静脈ー大静脈／④門脈ー腹膜後隙における静脈ー下大静脈	4	
362	門脈圧亢進の徴候を4つ答えよ。	脾腫／食道静脈瘤／メズサ頭／痔	4	
363	膵臓に分布する動脈を3つ答えよ。	上膵十二指腸動脈／下膵十二指腸動脈／脾動脈	3	
364	脾臓を包む腹膜を2つ答えよ。	胃脾間膜／横隔脾間膜	2	
365	小網をなす2つの膜を答えよ。	肝胃間膜／肝十二指腸間膜	2	
366	前腹壁の3つの腹膜ヒダと、各ヒダが被う構造をそれぞれ答えよ。	①正中臍ヒダー正中臍索／②内側臍ヒダー臍動脈索／③外側臍ヒダー下腹壁動静脈	3	
367	前腹壁内面の下部で、前腹壁内側の腹膜ヒダと間に見られるくぼみを3つ答えよ。	膀胱上窩／内側鼡径窩／外側鼡径窩	3	
368	副腎に分布する動脈を3つと、それが起こる動脈をそれぞれ答えよ。	①上副腎動脈←下横隔動脈／②中副腎動脈←腹大動脈または上腸間膜動脈／③下副腎動脈←腎動脈	3	
369	副腎に分布する静脈を2つと、それが注ぐ静脈をそれぞれ答えよ。	①左副腎静脈→左腎静脈／②右副腎静脈→下大静脈	2	
370	腹大動脈の枝のうち腹側臓側枝を3つ答えよ。	腹腔動脈／上腸間膜動脈／下腸間膜動脈	3	
371	腹大動脈の枝のうち外側臓側枝を3つ答えよ。	中副腎動脈／腎動脈／精巣[卵巣]動脈	3	
372	腹大動脈の枝のうち壁側枝を2つ答えよ。	下横隔動脈／腰動脈	2	
373	腹腔動脈の枝を3つ答えよ。	左胃動脈／脾動脈／総肝動脈	3	
374	脾動脈の枝を4つ答えよ。	左胃大網動脈／短胃動脈／膵枝／脾枝	4	
375	総肝動脈の枝を3つ答えよ。	固有肝動脈／右胃動脈／胃十二指腸動脈	3	
376	固有肝動脈の右枝から出る動脈を答えよ。	胆嚢動脈	1	
377	胃十二指腸動脈の枝を2つ答えよ。	右胃大網動脈／上膵十二指腸動脈	2	
378	上腸間膜動脈の枝を6つ答えよ。	下膵十二指腸動脈／空腸動脈／回腸動脈／回結腸動脈／右結腸動脈／中結腸動脈	6	
379	下腸間膜動脈の枝を3つ答えよ。	左結腸動脈／S状結腸動脈／上直腸動脈	3	
380	外腸骨動脈の枝を2つ答えよ。	深腸骨回旋動脈／下腹壁動脈	2	
381	下大静脈に流入する静脈を下方から5つ答えよ。	腰静脈／精巣(卵巣)静脈／腎静脈／肝静脈／下横隔静脈	5	
382	腰神経叢のうち、大腰筋の外側縁から出る神経を上方から下方に向かって4つ答えよ。	腸骨下腹神経／腸骨鼡径神経／外側大腿皮神経／大腿神経	4	
383	腰神経叢のうち、大腰筋の内側縁から出る神経を1つ答えよ。	閉鎖神経	1	
384	腰神経叢のうち、大腰筋の前面から出る神経を1つ答えよ。	陰部大腿神経	1	
385	恥骨結合の上縁と下縁を強化する靭帯をそれぞれ答えよ。	上縁：上恥骨靭帯／下縁：恥骨弓靭帯	2	
386	仙腸関節の関節包を強化する靭帯を3つ答えよ。	骨間仙腸靭帯／前仙腸靭帯／後仙腸靭帯	3	
387	仙骨と寛骨（坐骨）とを結ぶ靭帯を2つ答えよ。	仙結節靭帯／仙棘靭帯	2	
388	大坐骨孔を囲む構造物を答えよ。	仙棘靭帯／大坐骨切痕	2	
389	小坐骨孔を囲む構造物を3つ答えよ。	小坐骨切痕／仙棘靭帯／仙結節靭帯	3	
390	小坐骨孔を通るものを3つ答えよ。	内閉鎖筋腱／内陰部動静脈／陰部神経	3	
391	男性において直腸と膀胱間にある、腹膜に覆われた陥凹をなんというか。	直腸膀胱窩	1	
392	女性において膀胱と子宮と間にある腹膜陥凹をなんというか。	膀胱子宮窩	1	
393	膀胱を固定する靭帯を2つ答えよ。	恥骨膀胱靭帯／恥骨前立腺内側靭帯／[女性：恥骨膀胱内側靭帯]	2	
394	直腸が受ける3つの動脈と、それが起こる動脈をそれぞれ答えよ。	①上直腸動脈←下腸間膜動脈／②中直腸動脈←内腸骨動脈／③下直腸動脈←内陰部動脈	3	
395	直腸に分布する3つの静脈と、それが注ぐ静脈をそれぞれ答えよ。	①上直腸静脈→下腸間膜静脈／②中直腸静脈→内腸骨静脈／③下直腸静脈→内腸骨静脈	3	
396	直腸からのリンパ系のうち、腹膜反転部より上部からのリンパ管が注ぐリンパ節を1つ答えよ。	下腸間膜リンパ節	1	
397	直腸からのリンパ系のうち、腹膜反転部より下部からリンパ管が注ぐリンパ節を3つ答えよ。	仙骨リンパ節／内腸骨リンパ節／総腸骨リンパ節	3	
398	直腸からのリンパ系のうち、肛門管の櫛状線より下方からのリンパ管が注ぐリンパ節を1つ答えよ。	浅鼡径リンパ節	1	
399	男性生殖器をなす構造を6つ答えよ。	精巣／精巣上体／精管／精嚢／前立腺／陰茎	6	
400	精巣・精巣上体に見られる、3つの胎生期遺残組織と、それらがなんの遺残かをそれぞれ答えよ。	①精巣垂：中腎傍管（ミュラー管）／②精巣上体垂：中腎管（ウォルフ管）／③精巣傍体：中腎管	3	
401	精索をなす構造物を5つ答えよ。	精管／精巣動脈／蔓状静脈叢／リンパ系／神経	5	
402	精巣と精索の被膜を4つ答えよ。	外精筋膜／精巣挙筋膜（挙睾筋膜）／内精筋膜／精巣鞘膜	4	
403	女性生殖器をなす構造を4つ答えよ。	卵巣／卵管／子宮／膣	4	
404	卵巣窩の上方、後方、底に走るものをそれぞれ答えよ。	上方：外腸骨動静脈／後方：内腸骨動静脈、尿管／底：閉鎖神経	3	
405	卵巣を固定する線維索を2つ答えよ。	卵巣提索／固有卵巣索	2	
406	女性生殖器近傍に見られる3つの胎生期の遺残組織と、それらがなんの遺残かをそれぞれ答えよ。	①卵巣上体：中腎管（ウォルフ管）／②卵巣傍体：中腎細管尾側部／③ガートナー管：中腎管	3	
407	子宮を支持する筋を1つと、靭帯を4つ答えよ。	肛門挙筋／恥骨頚靭帯／子宮頚横靭帯（基靭帯）／子宮仙骨靭帯／子宮円索	5	支持筋1つと靭帯4つの計5項目を答える。
408	子宮底、子宮体、子宮頚からリンパ管が注ぐリンパ節をそれぞれ答えよ。	子宮底：腰リンパ節／子宮体：外腸骨リンパ節／子宮頚：外腸骨リンパ節、内腸骨リンパ節、仙骨リンパ節	3	
409	骨盤隔膜を貫く構造を3つ答えよ。	尿道／肛門管／膣（女性のみ）	3	
410	骨盤隔膜をなす2つの筋と2つの筋膜を答えよ。	肛門挙筋／尾骨筋／上骨盤隔膜筋膜／下骨盤隔膜筋膜	4	肛門挙筋・尾骨筋の2筋と、上・下骨盤隔膜筋膜の計4項目を答える。
411	肛門挙筋を構成する筋を2つ答えよ。	恥骨尾骨筋／腸骨尾骨筋	2	重問2024の分類に準拠。恥骨直腸筋を恥骨尾骨筋から独立させない分類を採用する。
412	臓側骨盤筋膜がつくる靭帯を答えよ。	男性：恥骨前立腺靭帯／女性：恥骨膀胱靭帯、子宮頚横靭帯、子宮仙骨靭帯	2	
413	浅会陰隙にある構造を男性、女性に分けて答えよ。	男性：陰茎根の陰茎脚、尿道球／女性：陰核脚、前庭球、大前庭腺	2	
414	深会陰隙にある構造を答えよ。	外尿道括約筋／尿道球腺（カウパー腺）	2	
415	肛門三角をなす構造を答えよ。	頂点：尾骨／両側：仙結節靭帯／底辺：坐骨結節を結ぶ線	3	
416	陰茎をなす構造を5つ答えよ。	陰茎根／陰茎体／陰茎亀頭／陰茎ワナ靭帯／陰茎提靭帯	5	
417	陰茎の主体をつくる海綿体を2つ答えよ。	陰茎海綿体／尿道海綿体	2	
418	陰茎脚と尿道球を被う筋を2つ答えよ。	坐骨海綿体筋／球海綿体筋	2	
419	内腸骨動脈の壁側枝を6つ答えよ。	腸腰動脈／外側仙骨動脈／上殿動脈／下殿動脈／閉鎖動脈／内陰部動脈	6	
420	内陰部動脈の枝を6つ答えよ。	下直腸動脈／会陰動脈／尿道球[膣前庭球]動脈／尿道動脈／陰茎深[陰核深]動脈／陰茎背[陰核背]動脈	6	
421	内腸骨動脈の臓側枝を4つ答えよ。	臍動脈／下膀胱動脈／中直腸動脈／子宮動脈（女性のみ）	4	
422	臍動脈の枝を2つ答えよ。	上膀胱動脈／精管動脈	2	
423	骨盤壁と骨盤臓器が流入するリンパ節を4つ答えよ。	内腸骨リンパ節／仙骨リンパ節／外腸骨リンパ節／総腸骨リンパ節	4	
424	仙骨神経叢のうち、殿部・下肢に分布する神経を4つ答えよ。	坐骨神経／上殿神経／下殿神経／後大腿皮神経	4	
425	仙骨神経叢のうち、骨盤臓器と会陰に分布する神経を2つ答えよ。	陰部神経／骨盤内臓神経	2	勃起神経は骨盤内臓神経由来の副交感神経線維を指すため、独立した3つ目の解答として数えない。
426	陰部神経の枝を3つ答えよ。	下直腸神経／会陰神経／陰茎背[陰核背]神経	3	
427	顎関節の外側と内側を補強する靭帯をそれぞれ答えよ。	外側：外側靭帯／内側：蝶下顎靭帯／茎突下顎靭帯	3	
428	顔面筋のうち、眼の周囲の筋を3つ答えよ。	眼輪筋／皺眉筋／鼻根筋	3	
430	顔面筋のうち、口の周囲の筋を11個答えよ。	口輪筋／上唇鼻翼挙筋、上唇挙筋／小頬骨筋、大頬骨筋／頬筋、笑筋／口角挙筋／口角下制筋、下唇下制筋／オトガイ筋	11	
431	顔面筋のうち、頭頂部の筋（頭蓋表筋）を2つ答えよ。	後頭前頭筋／側頭頭頂筋	2	
432	咀嚼筋を4つ答えよ。	咬筋／側頭筋／外側翼突筋／内側翼突筋	4	
433	浅頚筋を2つ答えよ。	広頚筋／胸鎖乳突筋	2	
434	広頚筋の支配神経を答えよ。	顔面神経	1	
435	前頚筋を2つ答えよ。	舌骨上筋／舌骨下筋	2	
436	舌骨上筋を4つ答えよ。	顎二腹筋／顎舌骨筋／茎突舌骨筋／オトガイ舌骨筋	4	
437	顎二腹筋の支配神経を答えよ。	後腹：顔面神経／前腹：下顎神経	2	
438	茎突舌骨筋の支配神経を答えよ。	顔面神経	1	
439	顎舌骨筋の支配神経を答えよ。	顎舌骨筋神経	1	
440	舌骨下筋を4つ答えよ。	胸骨舌骨筋／肩甲舌骨筋／胸骨甲状筋／甲状舌骨筋	4	
441	後頚筋を2つ答えよ。	椎前筋／斜角筋	2	
442	椎前筋を4つ答えよ。	頚長筋／頭長筋／前頭直筋／外側頭直筋	4	
443	斜角筋を3つ答えよ。	前斜角筋／中斜角筋／後斜角筋	3	
444	斜角筋隙をつくる筋を2つ答えよ。	前斜角筋／中斜角筋	2	
445	斜角筋隙を通るものを2つ答えよ。	鎖骨下動脈／腕神経叢	2	
446	前頚三角を4つ答えよ。	頚動脈三角／顎下三角／オトガイ下三角／筋三角	4	
447	頚動脈三角を囲む構造を答えよ。	胸鎖乳突筋（前縁）／顎二腹筋（後腹）／肩甲舌骨筋（上腹）	3	
448	頚動脈三角にあるものを3つ答えよ。	総頚動脈／内頚静脈／迷走神経	3	
449	顎下三角を囲む構造を答えよ。	顎二腹筋／（前腹、後腹）／下顎（下縁）	3	
450	顎下三角にあるものを5つ答えよ。	顎下腺／顎下リンパ節／顔面動静脈／舌下神経／舌神経	5	
451	オトガイ下三角を囲む構造を答えよ。	舌骨体／顎二腹筋（前腹）／正中線	3	
452	オトガイ下三角にあるものを答えよ。	オトガイ下リンパ節	1	
453	筋三角を囲む構造を答えよ。	胸鎖乳突筋／肩甲舌骨筋（上腹）／正中線	3	
454	筋三角にあるものを4つ答えよ。	前頚静脈／舌骨下筋／浅頚リンパ節／甲状腺	4	
455	後頚三角を2つ答えよ。	後頭三角／鎖骨上三角	2	
456	後頚三角を囲む構造を答えよ。	胸鎖乳突筋（後縁）／鎖骨（中1/3部）／僧帽筋（前縁）	3	
457	後頚三角にあるものを6つ答えよ。	外頚静脈／胸管／頚リンパ節／副神経／頚神経叢枝／腕神経叢	6	
458	後頚三角を後頭三角と鎖骨上三角に分ける筋を答えよ。	肩甲舌骨筋（下腹）	1	
459	頚動脈鞘に包まれるものを3つ答えよ。	総頚動脈／内頚静脈／迷走神経	3	
460	頭皮をなす5層を答えよ。	皮膚／皮下組織層／帽状腱膜／疎性結合組織層／頭蓋骨膜	5	
461	頭皮に分布する動脈を5つ答えよ。	滑車上動脈／眼窩上動脈／浅側頭動脈／後耳介動脈／後頭動脈	5	
462	頭皮と頭蓋内の静脈を連絡する導出静脈を4つ答えよ。	頭頂導出静脈／乳突導出静脈／顆導出静脈／後頭導出静脈	4	
463	頭皮前部、後部からリンパが注ぐリンパ節をそれぞれ答えよ。	前部：浅耳下腺リンパ節／後部：後頭リンパ節、耳介後リンパ節	2	
464	頭皮に分布する神経を8つ答えよ。	滑車上神経／眼窩上神経／頬骨神経／耳介側頭神経／大耳介神経／小後頭神経／大後頭神経／第三後頭神経	8	
465	眼動脈の枝を10個答えよ。	網膜中心動脈／涙腺動脈、筋枝／前篩骨動脈、後篩骨動脈／眼窩上動脈／毛様体動脈／滑車上動脈、内側眼瞼動脈、鼻背動脈	10	
466	眼窩に分布する5つの神経を答えよ。	視神経、眼神経／動眼神経／滑車神経／外転神経	5	
467	眼神経の3つの枝を答えよ。	涙腺神経／前頭神経／鼻毛様体神経	3	
468	前頭神経の終枝を2つ答えよ。	眼窩上神経／滑車上神経	2	
469	鼻毛様体神経の枝を5つ答えよ。	毛様体神経節への枝／長毛様体神経／前篩骨神経／後篩骨神経／滑車下神経	5	
470	網膜中心動脈の枝を5つ答えよ。	上外側動脈／下外側動脈／上内側動脈／下内側動脈／黄斑動脈	5	
471	毛様体血管系をなす動脈を3つ答えよ。	短後毛様体動脈／長後毛様体動脈／前毛様体動脈	3	
472	眼球の神経を3つ答えよ。	視神経／長毛様体神経／短毛様体神経	3	
473	眼筋を6つ答えよ。	内側直筋／外側直筋／上直筋／下直筋／上斜筋／下斜筋	6	
474	眼球を保持する靭帯を3つ答えよ。	眼球提靭帯（ロックウッド靭帯）／内側直筋制御靭帯／外側直筋制御靭帯	3	
475	眼瞼裂を開くのに役立つ筋を2つ答えよ。	上眼瞼挙筋／瞼板筋	2	
476	耳小骨筋を2つ答えよ。	鼓膜張筋／アブミ骨筋	2	
477	4つの副鼻腔と、その粘膜に分布する神経をそれぞれ答えよ。	前頭洞ー眼窩上神経／篩骨洞ー前篩骨神経、後篩骨神経／蝶形骨洞ー後篩骨神経／上顎洞ー上歯槽神経、眼窩下神経	4	
478	口蓋筋を5つ答えよ。	口蓋帆挙筋／口蓋帆張筋／口蓋垂筋／口蓋舌筋／口蓋咽頭筋	5	
479	舌乳頭を4つ答えよ。	糸状乳頭／茸状乳頭／有郭乳頭／葉状乳頭	4	
480	舌の周囲でみられるヒダを5つ答えよ。	正中舌喉頭蓋ヒダ／外側舌喉頭蓋ヒダ／舌小帯／采状ヒダ／舌下ヒダ	5	
481	内舌筋を4つ答えよ。	上縦舌筋／下縦舌筋／横舌筋／垂直舌筋	4	
482	外舌筋を3つ答えよ。	オトガイ舌筋／舌骨舌筋／茎突舌筋	3	
483	舌に分布する神経を前2/3と後1/3に分けて答えよ。	前2/3：舌神経／後1/3：舌咽神経	2	
484	咽頭筋のうち内層筋を3つ答えよ。	耳管咽頭筋／茎突咽頭筋／口蓋咽頭筋	3	
485	咽頭筋のうち外層筋を3つ答えよ。	上咽頭収縮筋／中咽頭収縮筋／下咽頭収縮筋	3	
486	咽頭に分布する動脈を4系統答えよ。	上行咽頭動脈／下甲状腺動脈／舌動脈の枝／顎動脈の枝	4	重問2024では、上行咽頭動脈と下甲状腺動脈に加えて、舌動脈・顎動脈の枝も挙げる。
487	喉頭軟骨を6つ答えよ。	甲状軟骨／輪状軟骨／披裂軟骨／小角軟骨／楔状軟骨／喉頭蓋軟骨	6	
488	喉頭軟骨と舌骨・気管との連結を3つ答えよ。	甲状舌骨膜／舌骨喉頭蓋靭帯／輪状気管靭帯	3	
489	喉頭軟骨間の連結を2つ答えよ。	正中輪状甲状靭帯／喉頭弾性膜	2	
490	喉頭軟骨にみられる関節を2つ答えよ。	輪状披裂関節／輪状甲状関節	2	
491	外喉頭筋を2つ答えよ。	胸骨甲状筋／甲状舌骨筋	2	
492	内喉頭筋を6つ答えよ。	輪状甲状筋／甲状披裂筋／後輪状披裂筋／外側輪状披裂筋／横披裂筋／披裂喉頭蓋筋	6	
493	喉頭に分布する2つの動脈とそれが起こる動脈を答えよ。	上喉頭動脈←上甲状腺動脈／下喉頭動脈←下甲状腺動脈	2	
494	甲状腺に分布する3つの動脈と、それが起こる動脈をそれぞれ答えよ。	上甲状腺動脈←外頚動脈／下甲状腺動脈←甲状頚動脈／最下甲状腺動脈←腕頭動脈あるいは大動脈弓	3	
495	甲状腺から出る3つの静脈と、それが注ぐ静脈をそれぞれ答えよ。	上甲状腺静脈→内頚静脈／中甲状腺静脈→内頚静脈／下甲状腺静脈→左腕頭静脈	3	
496	鎖骨下動脈の枝を4つ答えよ。	椎骨動脈／内胸動脈／甲状頚動脈／肋頚動脈	4	
497	甲状頚動脈の枝を3つ答えよ。	下甲状腺動脈／頚横動脈／肩甲上動脈	3	
498	肋頚動脈の枝を2つ答えよ。	深頚動脈／最上肋間動脈	2	
499	外頚動脈の枝を8つ答えよ。	上甲状腺動脈／上行咽頭動脈／舌動脈／顔面動脈／顎動脈／浅側頭動脈／後耳介動脈／後頭動脈	8	
500	顔面動脈の枝を5つ答えよ。	上行口蓋動脈／オトガイ下動脈／下唇動脈／上唇動脈／眼角動脈	5	
501	顎動脈の枝のうち、顎関節の内側で起こる枝を2つ答えよ。	中硬膜動脈／下歯槽動脈	2	
502	顎動脈の枝のうち、側頭下窩で起こる枝を3つ答えよ。	翼突筋枝／咬筋動脈／深側頭動脈	3	
503	顎動脈の枝のうち、翼口蓋窩で起こる枝を5つ答えよ。	後上歯槽動脈／眼窩下動脈／下行口蓋動脈／翼突管動脈／蝶口蓋動脈	5	
504	内頚静脈に注ぐ静脈を8つ答えよ。	下垂体静脈洞／翼突筋静脈叢／顔面静脈／舌静脈／下顎後静脈／咽頭静脈／上甲状腺静脈／中甲状腺静脈	8	
505	外頚静脈に注ぐ静脈を3つ答えよ。	後頭静脈／後耳介静脈／前頚静脈	3	
506	頭部の浅在性リンパ節を4つ答えよ。	後頭リンパ節／乳突リンパ節／浅耳下腺リンパ節／下顎リンパ節	4	
507	頭部の深在性リンパ節を5つ答えよ。	深耳下腺リンパ節／頬リンパ節／オトガイ下リンパ節／顎下リンパ節／咽頭後リンパ節	5	
508	第1～3頚神経の後枝をそれぞれ答えよ。	第1頚神経：後頭下神経／第2頚神経：大後頭神経／第3頚神経：第三後頭神経	3	
509	頚神経叢の皮枝を4つ答えよ。	小後頭神経／大耳介神経／頚横神経／鎖骨上神経	4	
510	頚神経叢の筋枝を2つ答えよ。	頚神経ワナ／横隔神経	2	
511	12個の脳神経と、それが頭蓋外面に出るときに通る孔・裂・溝をそれぞれ答えよ。	I：嗅神経ー篩板孔　II：視神経ー視神経管／III：動眼神経ー上眼窩裂　IV：滑車神経ー上眼窩裂／V：三叉神経ー上眼窩裂、正円孔、卵円孔／VI：外転神経ー上眼窩裂／VII：顔面神経ー内耳孔　VIII：内耳神経ー内耳孔／IX：舌咽神経ー頚静脈孔、X：迷走神経ー頚静脈孔、XI：副神経ー頚静脈孔　XII：舌下神経ー舌下神経管	12	
512	内頚動脈の枝を5つ答えよ。	眼動脈／前大脳動脈／中大脳動脈／前脈絡叢動脈／後交通動脈	5	
513	椎骨動脈の枝を5つ答えよ。	硬膜枝／後脊髄動脈／前脊髄動脈／正中延髄枝／後下小脳動脈	5	
514	脳底動脈の枝を5つ答えよ。	前下小脳動脈／迷路動脈／橋枝／上小脳動脈／後大脳動脈	5	
515	ウィリスの動脈輪をつくる動脈を6つ答えよ。	前交通動脈／前大脳動脈／中大脳動脈／内頚動脈／後交通動脈／後大脳動脈	6	
516	浅大脳静脈が注ぐ静脈を3つ答えよ。	上大脳静脈／浅中大脳静脈／下大脳静脈	3	
517	深大脳静脈に注ぐ静脈を3つ答えよ。	脳底静脈（ローゼンタール静脈）／内大脳静脈／大大脳静脈（ガレン静脈）	3	
518	脳底静脈をつくる静脈を2つ答えよ。	前大脳静脈／深中大脳静脈	2	
519	内大脳静脈をつくる静脈を3つ答えよ。	透明中隔静脈／上視床線条体静脈／上脈絡叢静脈	3	
520	硬膜静脈洞を10個答えよ。	上・下矢状静脈洞／直静脈洞、後頭静脈洞／S状静脈洞、横静脈洞／海綿静脈洞、蝶形頭頂静脈洞／上・下錐体静脈洞	10	
